approach,classifier,val_accuracy,val_precision,val_recall,val_f1_macro,val_roc_auc,test_accuracy,test_precision,test_recall,test_f1_macro,test_roc_auc,inference_ms_per_sample,train_time_sec
TF-IDF,LogisticRegression,0.982,0.9209399025828187,0.966957284193126,0.9424680311185164,0.9946186361069014,0.9820666666666666,0.9214911454468215,0.9666234165772698,0.9426338225715456,0.9933949355776768,5.0246644443379614e-05,217.23650087499982
TF-IDF,LinearSVC,0.9884888888888889,0.9738321479172947,0.9472330765199688,0.9600674761321026,0.9944636559599527,0.9880666666666666,0.9721485809971951,0.9460122019189855,0.9586296736546874,0.9933734004292379,0.0002487881777698122,4.453621737000049
TF-IDF,RandomForest,0.9748444444444444,0.904861973736883,0.9321451317807152,0.9179510923309275,0.9877846730296227,0.9750666666666666,0.9093734595012566,0.9263763616786229,0.9176607128344153,0.98768479175032,0.22626308182222296,892.0590481179997
